,ROC AUC,F1,Precision,Recall,Accuracy,Balanced accuracy,Average precision
k = 10,0.8687724867724868,0.6826969384244926,0.7263023088023088,0.6655555555555556,0.8264367816091955,0.7916666666666666,0.7760638721605541
k = 5,0.8661742618741977,0.6856124267888974,0.7477272727272728,0.6389473684210526,0.8162711864406781,0.7807317073170731,0.7663606483562645
