,ROC AUC,F1,Precision,Recall,Accuracy,Balanced accuracy,Average precision
k = 10,0.8666878306878306,0.6982800137598899,0.7449603174603174,0.6644444444444444,0.8231034482758621,0.7830555555555556,0.7737543222825394
k = 5,0.8641081514762515,0.699813258636788,0.7316736694677871,0.6699999999999999,0.8229378531073447,0.7779685494223363,0.7829378905354815
