,ROC AUC,F1,Precision,Recall,Accuracy,Balanced accuracy,Average precision
k = 10,0.8145886243386243,0.6185345717234262,0.6668650793650792,0.4844444444444444,0.7726436781609195,0.7094444444444445,0.7362354896468318
k = 5,0.7978222079589218,0.5307407371462032,0.6667942583732057,0.5226315789473684,0.7492655367231639,0.6738799743260591,0.6526993251098369
