,ROC AUC,F1,Precision,Recall,Accuracy,Balanced accuracy,Average precision
k = 10,0.8353518518518518,0.5857150228512457,0.795,0.5344444444444445,0.7658620689655172,0.7229365079365079,0.724024094981079
k = 5,0.8312946084724006,0.6110728910728911,0.6756854256854257,0.4584210526315789,0.7692655367231638,0.7217233632862644,0.6997454659747941
