,ROC AUC,F1,Precision,Recall,Accuracy,Balanced accuracy,Average precision
k = 10,0.8603994708994709,0.6803184431667404,0.7218037518037519,0.6633333333333333,0.8097701149425287,0.7727380952380952,0.7636916705317736
k = 5,0.8645551989730423,0.6830252100840337,0.7340217391304348,0.6489473684210526,0.8128813559322033,0.7702053915275994,0.7611228828165971
