,ROC AUC,F1,Precision,Recall,Accuracy,Balanced accuracy,Average precision
k = 10,0.8166851851851851,0.6492632204396911,0.7126984126984127,0.6844444444444443,0.8332183908045977,0.7456349206349207,0.756303779216808
k = 5,0.8279650192554557,0.6923976608187135,0.6958395989974937,0.6057894736842104,0.7962146892655367,0.7726861360718871,0.7273661244131245
