,ROC AUC,F1,Precision,Recall,Accuracy,Balanced accuracy,Average precision
k = 10,0.7967222222222222,0.6201470588235294,0.7147510822510823,0.5444444444444445,0.7894252873563219,0.6925,0.6942491282025035
k = 5,0.7997692554557124,0.5721821631878559,0.6766826156299841,0.4910526315789473,0.7828248587570621,0.6936970474967907,0.618764933072004
