,ROC AUC,F1,Precision,Recall,Accuracy,Balanced accuracy,Average precision
k = 10,0.8163068783068784,0.5412651727357609,0.6250793650793651,0.4622222222222222,0.7663218390804598,0.6891666666666667,0.7062869191771355
k = 5,0.7976585365853659,0.6015852827617534,0.6445177045177045,0.45999999999999996,0.7759322033898306,0.6760558408215661,0.6518944910698885
